{
  "haryana_rohtak": 2240.636081378263,
  "uttarakhand_haridwar": 3166.591680275893,
  "nagaland_mon": 0.0,
  "bihar_darbhanga": 2695.135338994941
}